{
| Mashu Kyrielight
"star":3
| 1
|-
| Artoria Pendragon
"star":5
| 2
|-
| Artoria Pendragon (Alter)
"star":4
| 3
|-
| Artoria Pendragon (Lily)
"star":4
| 4
|-
| Nero Claudius
"star":4
| 5
|-
| Siegfried
"star":4
| 6
|-
| Gaius Julius Caesar
"star":3
| 7
|-
| Attila
"star":5
| 8
|-
| Gilles de Rais (Saber)
"star":3
| 9
|-
| Chevalier d'Eon
"star":4
| 10
|-
| EMIYA
"star":4
| 11
|-
| Gilgamesh LimitedS
"star":5
| 12
|-
| Robin Hood
"star":3
| 13
|-
| Atalanta
"star":4
| 14
|-
| Euryale
"star":3
| 15
|-
| Arash
"star":1
| 16
|-
| Cú Chulainn
"star":3
| 17
|-
| Elizabeth Báthory
"star":4
| 18
|-
| Musashibō Benkei
"star":2
| 19
|-
| Cú Chulainn (Prototype)
"star":3
| 20
|-
| Leonidas I
"star":2
| 21
|-
| Romulus
"star":3
| 22
|-
| Medusa
"star":3
| 23
|-
| Georgios
"star":2
| 24
|-
| Edward Teach
"star":2
| 25
|-
| Boudica
"star":3
| 26
|-
| Ushiwakamaru
"star":3
| 27
|-
| Alexander
"star":3
| 28
|-
| Marie Antoinette
"star":4
| 29
|-
| Martha
"star":4
| 30
|-
| Medea
"star":3
| 31
|-
| gilles2iconGilles de Rais
| Gilles de Rais
"star":3
| 32
|-
| hansiconHans Christian Andersen
| Hans Christian Andersen
"star":2
| 33
|-
| shakespeareiconWilliam Shakespeare
| William Shakespeare
"star":2
| 34
|-
| mephisiconMephistopheles
| Mephistopheles
"star":3
| 35
|-
| mozarticonWolfgang Amadeus Mozart
| Wolfgang Amadeus Mozart
"star":1
| 36
|-
| wavericonZhuge Liang (Lord El-Melloi II)
| Zhuge Liang (Lord El-Melloi II)
"star":5
| 37
|-
| cucastericonCú Chulainn (Caster)
| Cú Chulainn (Caster)
"star":3
| 38
|-
| sasakiiconSasaki Kojirō
| Sasaki Kojirō
"star":1
| 39
|-
| hassaniconHassan of the Cursed Arm
| Hassan of the Cursed Arm
"star":2
| 40
|-
| sthenoiconStheno
| Stheno
"star":4
| 41
|-
| jingkeiconJing Ke
| Jing Ke
"star":3
| 42
|-
| sansoniconCharles-Henri Sanson
| Charles-Henri Sanson
"star":2
| 43
|-
| phantomiconPhantom of the Opera
| Phantom of the Opera
"star":2
| 44
|-
| matahariiconMata Hari
| Mata Hari
"star":1
| 45
|-
| carmillaiconCarmilla
| Carmilla
"star":4
| 46
|-
| heraclesiconHeracles
| Heracles
"star":4
| 47
|-
| lanceloticonLancelot
| Lancelot
"star":4
| 48
|-
| lubuiconLu Bu Fengxian
| Lu Bu Fengxian
"star":3
| 49
|-
| spartacusiconSpartacus
| Spartacus
"star":1
| 50
|-
| sakataiconSakata Kintoki
| Sakata Kintoki LimitedS
"star":5
| 51
|-
| vladiconVlad III
| Vlad III
"star":5
| 52
|-
| asteriosiconAsterios
| Asterios
"star":1
| 53
|-
| caligulaiconCaligula
| Caligula
"star":2
| 54
|-
| dariusiconDarius III
| Darius III
"star":3
| 55
|-
| kiyohimeiconKiyohime
| Kiyohime
"star":3
| 56
|-
| ericiconEric Bloodaxe
| Eric Bloodaxe
"star":2
| 57
|-
| tamamoiconTamamo Cat
| Tamamo Cat
"star":4
| 58
|-
| jeanneiconJeanne d'Arc
| Jeanne d'Arc
"star":5
| 59
|-
| orioniconOrion
| Orion
"star":5
| 60
|-
| elizhallowiconElizabeth Báthory (Halloween)
| Elizabeth Báthory (Halloween)
"star":4
| 61
|-
| tamamocastericonTamamo no Mae
| Tamamo no Mae
"star":5
| 62
|-
| davidiconDavid
| David
"star":3
| 63
|-
| hectoriconHector
| Hector
"star":3
| 64
|-
| drakeiconFrancis Drake
| Francis Drake
"star":5
| 65
|-
| anneiconAnne Bonny & Mary Read
| Anne Bonny & Mary Read
"star":4
| 66
|-
| medealilyiconMedea (Lily)
| Medea (Lily)
"star":4
| 67
|-
| okitaiconOkita Sōji
| Okita Sōji LimitedS
"star":5
| 68
|-
| odaiconOda Nobunaga
| Oda Nobunaga
"star":4
| 69
|-
| scathachiconScáthach
| Scáthach LimitedS
"star":5
| 70
|-
| DiarmuidiconDiarmuid Ua Duibhne
| Diarmuid Ua Duibhne
"star":3
| 71
|-
| fergusiconFergus mac Róich
| Fergus mac Róich
"star":3
| 72
|-
| santaaltericonArtoria Pendragon (Santa Alter)
| Artoria Pendragon (Santa Alter)
"star":4
| 73
|-
| rhymeiconNursery Rhyme
| Nursery Rhyme
"star":4
| 74
|-
| jackiconJack the Ripper
| Jack the Ripper
"star":5
| 75
|-
| mordrediconMordred
| Mordred
"star":5
| 76
|-
| teslaiconNikola Tesla
| Nikola Tesla
"star":5
| 77
|-
| alterlancericonArtoria Pendragon (Lancer Alter)
| Artoria Pendragon (Lancer Alter)
"star":4
| 78
|-
| paracelsusiconParacelsus von Hohenheim
| Paracelsus von Hohenheim
"star":3
| 79
|-
| babbageiconCharles Babbage
| Charles Babbage
"star":3
| 80
|-
| jekylliconHenry Jekyll & Hyde
| Henry Jekyll & Hyde
"star":3
| 81
|-
| HydeiconHenry Jekyll & Hyde
| Henry Jekyll & Hyde|Hyde
"star":3
| 81
|-
| frankiconFrankenstein
| Frankenstein
"star":4
| 82
|-
| SolomoniconSolomon
| Solomon UnplayableS
"star":5
| 83
|-
| arjunaiconArjuna
| Arjuna
"star":5
| 84
|-
| karnaiconKarna
| Karna
"star":5
| 85
|-
| heroinexiconMysterious Heroine X
| Mysterious Heroine X LimitedS
"star":5
| 86
|-
| fionniconFionn mac Cumhaill
| Fionn mac Cumhaill
"star":4
| 87
|-
| bryniconBrynhildr
| Brynhildr LimitedS
"star":5
| 88
|-
| beowulficonBeowulf
| Beowulf
"star":4
| 89
|-
| brideiconNero Claudius (Bride)
| Nero Claudius (Bride) LimitedS
"star":5
| 90
|-
| ryougisabericonRyōgi Shiki (Saber)
| Ryōgi Shiki (Saber) LimitedS
"star":5
| 91
|-
| ryougiassassiniconRyōgi Shiki (Assassin)
| Ryōgi Shiki (Assassin)
"star":4
| 92
|-
| AmakusaIconAmakusa Shirō
| Amakusa Shirō LimitedS
"star":5
| 93
|-
| AstolfoIconAstolfo
| Astolfo
"star":4
| 94
|-
| KogilIconKid Gil
| Kid Gil
"star":3
| 95
|-
| edmondiconEdmond Dantès
| Edmond Dantès LimitedS
"star":5
| 96
|-
| nightingaleiconNightingale
| Nightingale
"star":5
| 97
|-
| CuAltericonCú Chulainn (Alter)
| Cú Chulainn (Alter)
"star":5
| 98
|-
| medbiconMedb
| Medb
"star":5
| 99
|-
| helenaiconHelena Blavatsky
| Helena Blavatsky
"star":4
| 100
|-
| ramaiconRama
| Rama
"star":4
| 101
|-
| shuweniconLi Shuwen (Lancer)
| Li Shuwen (Lancer)
"star":4
| 102
|-
| edisoniconThomas Edison
| Thomas Edison
"star":4
| 103
|-
| geronimoiconGeronimo
| Geronimo
"star":3
| 104
|-
| billyiconBilly the Kid
| Billy the Kid
"star":3
| 105
|-
| jeannealtericonJeanne d'Arc (Alter)
| Jeanne d'Arc (Alter) LimitedS
"star":5
| 106
|-
| AngraiconAngra Mainyu
| Angra Mainyu FpCE
| —
| 107
|-
| iskandariconIskandar
| Iskandar LimitedS
"star":5
| 108
|-
| emiyaassassiniconEMIYA (Assassin)
| EMIYA (Assassin)
"star":4
| 109
|-
| hassanhundrediconHassan of the Hundred Faces
| Hassan of the Hundred Faces
"star":3
| 110
|-
| IrisvieliconIrisviel (Dress of Heaven)
| Irisviel (Dress of Heaven)
"star":4
| 111
|-
| ShutenIconShuten Dōji
| Shuten Dōji LimitedS
"star":5
| 112
|-
| XuanzangiconXuanzang Sanzang
| Xuanzang Sanzang
"star":5
| 113
|-
| YorimitsuiconMinamoto no Raikō
| Minamoto no Raikō LimitedS
"star":5
| 114
|-
| KintokiridericonSakata Kintoki (Rider)
| Sakata Kintoki (Rider)
"star":4
| 115
|-
| IbarakiiconIbaraki Dōji
| Ibaraki Dōji
"star":4
| 116
|-
| KotarouiconFūma Kotarō
| Fūma Kotarō
"star":3
| 117
|-
| OzymandiasiconOzymandias
| Ozymandias
"star":5
| 118
|-
| Arturia_lancer_iconArtoria Pendragon (Lancer)
| Artoria Pendragon (Lancer)
"star":5
| 119
|-
| NitocrisiconNitocris
| Nitocris
"star":4
| 120
|-
| Lancelot_Saber_icon.png‎|75px|link=Lancelot (Saber)
| Lancelot (Saber)
"star":4
| 121
|-
| TristaniconTristan
| Tristan
"star":4
| 122
|-
| GawainiconGawain
| Gawain
"star":4
| 123
|-
| Hassan_of_Serenity_icon.png‎|75px|link=Hassan of the Serenity
| Hassan of the Serenity
"star":3
| 124
|-
| ToudaiconTawara Tōta
| Tawara Tōta
"star":3
| 125
|-
| BedivereiconBedivere
| Bedivere
"star":3
| 126
|-
| davinciiconLeonardo Da Vinci
| Leonardo Da Vinci LimitedS
"star":5
| 127
|-
| TamamoLancericonTamamo no Mae (Lancer)
| Tamamo no Mae (Lancer) LimitedS
"star":5
| 128
|-
| ArtoriaArchericonArtoria Pendragon (Archer)
| Artoria Pendragon (Archer) LimitedS
"star":5
| 129
|-
| MarieCastericonMarie Antoinette (Caster)
| Marie Antoinette (Caster) LimitedS
"star":4
| 130
|-
| Anne&MaryArchericonAnne Bonny & Mary Read (Archer)
| Anne Bonny & Mary Read (Archer) LimitedS
"star":4
| 131
|-
| MordredRidericonMordred (Rider)
| Mordred (Rider) LimitedS
"star":4
| 132
|-
| ScathachAssassiniconScáthach (Assassin)
| Scáthach (Assassin)
"star":4
| 133
|-
| Kiyohime (Lancer)
| Kiyohime (Lancer) LimitedS
"star":4
| 134
|-
| MarthaRulericonMartha (Ruler)
| Martha (Ruler) LimitedS
"star":4
| 135
|-
| IllyaprismaiconIllyasviel von Einzbern
| Illyasviel von Einzbern LimitedS
"star":5
| 136
|-
| KuroiconChloe von Einzbern
| Chloe von Einzbern
"star":4
| 137
|-
| Eliz_Brave_iconElizabeth Báthory (Brave)
| Elizabeth Báthory (Brave)
"star":4
| 138
|-
| Cleopera_iconCleopatra
| Cleopatra LimitedS
"star":5
| 139
|-
| Vlad_(Extra)_iconVlad III (EXTRA)
| Vlad III (EXTRA)
"star":4
| 140
|-
| Jalter_Lily_IconJeanne d'Arc (Alter) (Santa Lily)
| Jeanne d'Arc (Alter) (Santa Lily)
"star":4
| 141
|-
| Ishtar_iconIshtar
| Ishtar LimitedS
"star":5
| 142
|-
| EnkiduiconEnkidu
| Enkidu
"star":5
| 143
|-
| QuetziconQuetzalcoatl
| Quetzalcoatl
"star":5
| 144
|-
| GilcastericonGilgamesh (Caster)
| Gilgamesh (Caster)
"star":4
| 145
|-
| MedusalancericonMedusa (Lancer)
| Medusa (Lancer)
"star":4
| 146
|-
| GorgoniconGorgon
| Gorgon
"star":4
| 147
|-
| JaguarmaniconJaguar Man
| Jaguar Man
"star":3
| 148
|-
| TiamaticonTiamat
| Tiamat UnplayableS
"star":5
| 149
|-
| MerliniconMerlin
| Merlin LimitedS
"star":5
| 150
|-
| GoetiaiconGoetia
| Goetia UnplayableS
"star":5
| 151
|-
| RomaniconSolomon (True)
| Solomon (True)|Solomon UnplayableS
"star":5
| 152
|-
| Musashi iconMiyamoto Musashi
| Miyamoto Musashi LimitedS
"star":5
| 153
|-
| Kinghassanicon"The Old Man of the Mountain"
| "The Old Man of the Mountain" LimitedS
"star":5
| 154
|-
| MHX(Alter)iconMysterious Heroine X (Alter)
| Mysterious Heroine X (Alter) LimitedS
"star":5
| 155
|-
| ShinjukuArcherIconJames Moriarty
| James Moriarty LimitedS
"star":5
| 156
|-
| EmiyaAlterIconEMIYA (Alter)
| EMIYA (Alter)
"star":4
| 157
|-
| HessianLoboIconHessian Lobo
| Hessian Lobo
"star":4
| 158
|-
| ShinjukuAssassinIconYan Qing
| Yan Qing
"star":4
| 159
|-
| ArthurIconArthur Pendragon (Prototype)
| Arthur Pendragon (Prototype) LimitedS
"star":5
| 160
|-
| HijikataIconHijikata Toshizō
| Hijikata Toshizō LimitedS
"star":5
| 161
|-
| ChachaIconChacha
| Chacha
"star":4
| 162
|-
| MeltlilithIconMeltlilith
| Meltlilith LimitedS
"star":5
| 163
|-
| PassionLipIconPassionlip
| Passionlip LimitedS
"star":4
| 164
|-
| SuzukaSuzuka Gozen
| Suzuka Gozen
"star":4
| 165
|-
| BBiconB B
| B B
"star":4
| 166
|-
| KiaraIconSesshōin Kiara
| Sesshōin Kiara LimitedS
"star":5
| 167
|-
| HeavensHoleIconBeast III/R
| Beast III/R UnplayableS
"star":5
| 168
|-
| CasterofNightlessCityScheherazade
| Scheherazade
"star":5
| 169
|-
| AssassinofNightlessCityWu Zetian
| Wu Zetian
"star":4
| 170
|-
| BerserkerOfElDoradoIconPenthesilea
| Penthesilea
"star":4
| 171
|-
| ColumbusIconChristopher Columbus
| Christopher Columbus
"star":3
| 172
|-
| S173Sherlock Holmes
| Sherlock Holmes LimitedS
"star":5
| 173
|-
| PaulBunyaniconPaul Bunyan
| Paul Bunyan
"star":1
| 174
|-
| NeroSummerNero Claudius (Caster)
| Nero Claudius (Caster) LimitedS
"star":5
| 175
|-
|  FranSummerFrankenstein (Saber)
| Frankenstein (Saber) LimitedS
"star":4
| 176
|-
| NitoSummerNitocris (Assassin)
| Nitocris (Assassin) LimitedS
"star":4
| 177
|-
| NobuSummerOda Nobunaga (Berserker)
| Oda Nobunaga (Berserker) LimitedS
"star":4
| 178
|-
| S179Artoria Pendragon (Rider Alter)
| Artoria Pendragon (Rider Alter) LimitedS
"star":5
| 179
|-
| S180Helena Blavatsky (Archer)
| Helena Blavatsky (Archer) LimitedS
"star":4
| 180
|-
| S181Minamoto no Raikō (Lancer)
| Minamoto no Raikō (Lancer) LimitedS
"star":4
| 181
|-
| IshtarSummerIshtar (Rider)
| Ishtar (Rider)
"star":4
| 182
|-
| Icon_Servant_183Parvati
| Parvati
"star":4
| 183
|-
| S184Tomoe Gozen
| Tomoe Gozen
"star":4
| 184
|-
| S185Mochizuki Chiyome
| Mochizuki Chiyome
"star":4
| 185
|-
| S186Hōzōin Inshun
| Hōzōin Inshun
"star":3
| 186
|-
| S187Yagyū Munenori
| Yagyū Munenori
"star":4
| 187
|-
| S188Katō Danzō
| Katō Danzō
"star":4
| 188
|-
| Icon_Servant_189Osakabehime
| Osakabehime
"star":5
| 189
|-
| Icon_Servant_190Mecha Eli-chan
| Mecha Eli-chan
"star":4
| 190
|-
| Icon_Servant_191Mecha Eli-chan Mk.II
| Mecha Eli-chan Mk.II
"star":4
| 191
|-
| Icon_Servant_192Circe
| Circe
"star":4
| 192
|-
| Icon_Servant_193Nezha
| Nezha
"star":4
| 193
|-
| Icon_Servant_194Queen of Sheba
| Queen of Sheba
"star":4
| 194
|-
| Icon Servant 195Abigail Williams
| Abigail Williams LimitedS
"star":5
| 195
|-
| Icon_Servant_196Ereshkigal
| Ereshkigal LimitedS
"star":5
| 196
|-
| Icon_Servant_197Attila the San(ta)
| Attila the San(ta)
"star":4
| 197
|-
| Icon Servant 198Katsushika Hokusai
| Katsushika Hokusai LimitedS
"star":5
| 198
|-
| Icon_Servant_199Semiramis
| Semiramis LimitedS
"star":5
| 199
|-
| Icon_Servant_200Asagami Fujino
| Asagami Fujino LimitedS
"star":4
| 200
|-
| AnastasiaIconAnastasia Nikolaevna Romanova
| Anastasia Nikolaevna Romanova
"star":5
| 201
|-
| AtalantaAlterIconAtalanta (Alter)
| Atalanta (Alter)
"star":4
| 202
|-
| AvicebronIconAvicebron
| Avicebron
"star":3
| 203
|-
| AntonioIconAntonio Salieri
| Antonio Salieri
"star":3
| 204
|-
| IvanIconIvan the Terrible
| Ivan the Terrible LimitedS
"star":5
| 205
|-
| AchillesIconAchilles
| Achilles
"star":5
| 206
|-
| ChironIconChiron
| Chiron
"star":4
| 207
|-
| SiegIconSieg
| Sieg
"star":4
| 208
|-
| Icon_S209Okita Sōji (Alter)
| Okita Sōji (Alter) LimitedS
"star":5
| 209
|-
| Icon_S210Okada Izō
| Okada Izō LimitedS
"star":3
| 210
|-
| Icon_S211Sakamoto Ryōma
| Sakamoto Ryōma
"star":4
| 211
|-
| S212IconNapoléon
| Napoléon
"star":5
| 212
|-
| S213IconSigurd
| Sigurd LimitedS
"star":5
| 213
|-
| S214IconValkyrie
| Valkyrie
"star":4
| 214
|-
| Scathach-SkadiIconScáthach-Skaði
| Scáthach-Skaði LimitedS
"star":5
| 215
|-
| S216IconJeanne d'Arc (Archer)
| Jeanne d'Arc (Archer) LimitedS
"star":5
| 216
|-
| S217IconIbaraki Dōji (Lancer)
| Ibaraki Dōji (Lancer) LimitedS
"star":4
| 217
|-
| S218IconUshiwakamaru (Assassin)
| Ushiwakamaru (Assassin) LimitedS
"star":4
| 218
|-
| S219IconJeanne d'Arc (Berserker Alter)
| Jeanne d'Arc (Berserker Alter)
"star":4
| 219
|-
| S220IconB B (Summer)
| B B (Summer) LimitedS
"star":5
| 220
|-
| S221IconMedb (Saber)
| Medb (Saber) LimitedS
"star":4
| 221
|-
| S222IconMysterious Heroine XX
| Mysterious Heroine XX LimitedS
"star":4
| 222
|-
| S223IconDiarmuid Ua Duibhne (Saber)
| Diarmuid Ua Duibhne (Saber)
"star":4
| 223
|-
| S224IconSitonai
| Sitonai
"star":5
| 224
|-
| S225IconShuten Dōji (Caster)
| Shuten Dōji (Caster)
"star":4
| 225
|-
| S226IconXiang Yu
| Xiang Yu
"star":5
| 226
|-
| S227IconLanling Wang
| Lanling Wang
"star":4
| 227
|-
| S228IconQin Liangyu
| Qin Liangyu
"star":4
| 228
|-
| S229IconShi Huang Di
| Shi Huang Di LimitedS
"star":5
| 229
|-
| S230IconYu Miaoyi
| Yu Miaoyi
"star":4
| 230
|-
| S231IconRed Hare
| Red Hare
"star":3
| 231
|-
| S232IconBradamante
| Bradamante
"star":5
| 232
|-
| S233IconQuetzalcoatl (Samba/Santa)
| Quetzalcoatl (Samba/Santa)
"star":4
| 233
|-
| S234IconBeni-enma
| Beni-enma LimitedS
"star":5
| 234
|-
| S235IconLi Shuwen
| Li Shuwen
"star":5
| 235
|-
| S236IconMiyu Edelfelt
| Miyu Edelfelt LimitedS
"star":4
| 236
|-
| S237IconMurasaki Shikibu
| Murasaki Shikibu LimitedS
"star":5
| 237
|-
| S238IconKingprotea
| Kingprotea LimitedS
"star":5
| 238
|-
| S239IconKama
| Kama LimitedS
"star":5
| 239
|}
